JOUR,O3obs,MOCAGE,TEMPE,RMH2O,NO2,STATION,VentMOD,VentANG,NO
1,91,93.2,21.5,0.00847,1.602,Aix,9.5,-0.6435,0.424
1,100,104.6,20.2,0.00881,2.121,Aix,8.01,-0.04996,0.531
0,82,103.6,17.4,0.00951,1.657,Aix,9.3771,-0.12832,0.467
0,94,94.8,18.8,0.00855,2.35,Aix,9.4578,-0.34516,0.701
0,107,99.0,23.7,0.00731,1.653,Aix,7.8791,-0.41822,0.452
0,150,114.3,23.6,0.01182,5.316,Aix,6.3127,0.06341,1.343
0,164,127.7,26.6,0.00937,2.841,Aix,4.8042,0.04164,0.55
1,135,164.3,23.5,0.01087,15.733,Aix,4.8795,0.79989,2.911
1,121,144.1,23.3,0.01168,8.807,Aix,5.1088,0.70226,1.867
0,129,112.8,23.7,0.01091,18.911,Aix,5.4406,0.942,4.7
0,118,72.6,22.2,0.01626,4.258,Aix,5.9641,-0.60661,1.304
0,48,146.0,14.3,0.01453,13.664,Aix,5.8034,-0.03447,2.976
0,97,87.5,18.5,0.00959,4.126,Aix,7.5273,0.33856,1.271
1,83,158.9,15.4,0.01456,10.254,Aix,2.5942,0.48089,1.839
1,73,112.6,19.6,0.0122,1.955,Aix,8.8752,-0.58488,0.445
0,91,76.9,21.7,0.00685,1.382,Aix,12.3004,-0.63537,0.429
0,70,81.8,24.4,0.0089,1.567,Aix,9.5,-0.6435,0.443
0,125,178.6,24.8,0.01206,8.216,Aix,6.5192,0.72027,1.139
0,168,127.9,28.2,0.01387,4.632,Aix,7.1309,0.38832,0.861
0,113,109.3,26.0,0.0122,12.29,Aix,5.9816,0.66691,2.958
1,118,113.0,26.2,0.01064,4.615,Aix,6.2769,0.53496,0.995
1,130,136.3,27.2,0.00912,4.276,Aix,6.0033,0.52328,0.827
0,179,141.1,27.8,0.0101,7.656,Aix,5.1313,0.57719,1.75
0,196,131.4,29.1,0.00919,5.208,Aix,6.0902,0.51507,1.016
0,160,141.1,29.5,0.01033,5.043,Aix,6.1221,0.66964,0.9
0,180,163.6,29.5,0.00789,8.52,Aix,5.5227,0.55284,1.385
0,103,141.6,29.1,0.00663,6.654,Aix,5.2839,0.51445,1.341
1,214,159.9,33.2,0.01431,4.122,Aix,7.2615,0.39585,0.563
1,178,138.1,30.5,0.01509,6.835,Aix,6.0877,0.73892,1.174
0,160,155.1,30.9,0.01526,2.489,Aix,7.2422,-0.61864,0.349
0,131,140.5,30.2,0.00877,3.026,Aix,9.0,-0.6435,0.481
0,169,149.9,30.2,0.01134,2.198,Aix,5.7801,-0.52558,0.314
0,139,92.5,26.0,0.01426,23.822,Aix,5.36,0.93103,7.51
0,104,97.9,25.4,0.00884,1.816,Aix,12.3907,-0.83678,0.414
1,127,96.1,26.2,0.00712,1.78,Aix,6.2266,-0.52114,0.429
1,163,123.7,25.4,0.01058,2.701,Aix,6.3008,0.01587,0.596
0,121,146.2,23.3,0.01343,18.234,Aix,4.7854,1.11649,3.773
0,93,126.1,26.6,0.01217,3.187,Aix,6.0133,-0.06657,0.669
0,108,122.4,22.1,0.01872,8.698,Aix,6.4444,0.73051,2.038
0,91,99.7,24.7,0.00754,2.109,Aix,11.2058,-0.57563,0.502
0,129,122.4,24.5,0.00921,5.359,Aix,6.9354,0.7446,1.146
1,89,146.5,24.9,0.01134,2.336,Aix,6.5765,-0.49085,0.362
1,145,145.2,28.1,0.01342,4.691,Aix,7.4653,0.68102,0.808
0,124,127.3,28.0,0.01123,6.486,Aix,7.1344,1.02557,1.292
0,132,125.9,26.9,0.01173,9.414,Aix,6.2936,0.77416,2.22
0,96,183.4,26.3,0.01483,4.334,Aix,5.4452,-0.12891,0.58
0,116,117.0,28.9,0.01007,2.743,Aix,6.36,-0.28694,0.541
0,132,128.4,30.0,0.01023,2.81,Aix,6.562,-0.13759,0.508
1,93,74.1,24.9,0.00984,1.045,Aix,9.426,-0.71783,0.337
0,117,159.1,20.1,0.01962,3.127,Aix,5.4626,-0.41451,0.432
0,96,143.3,23.7,0.01534,2.125,Aix,12.1017,-0.74449,0.362
0,111,119.9,28.4,0.01138,1.823,Aix,10.6042,-0.6718,0.334
0,184,168.5,29.0,0.009,3.827,Aix,6.7119,-0.05963,0.612
1,170,133.4,28.3,0.01188,4.647,Aix,6.7231,0.53022,0.807
1,148,125.6,28.5,0.01537,11.48,Aix,4.6615,0.61776,2.414
0,109,154.3,31.1,0.00833,3.415,Aix,5.8669,-0.51703,0.472
0,222,133.9,29.5,0.01456,3.339,Aix,5.7079,-0.05258,0.572
0,80,72.6,27.6,0.01205,1.051,Aix,12.4483,-0.80812,0.29
0,108,105.7,25.8,0.01035,1.704,Aix,12.5607,-0.70085,0.358
0,156,137.1,28.6,0.01256,2.686,Aix,5.5731,0.1622,0.452
1,126,136.8,27.1,0.0138,7.755,Aix,6.2968,0.81909,1.464
1,130,150.6,26.6,0.01577,4.65,Aix,5.6851,0.68573,0.768
0,182,229.2,22.1,0.02486,18.303,Aix,5.0931,0.81317,2.153
0,107,147.6,24.7,0.01716,6.163,Aix,5.4818,0.25825,1.073
0,148,155.2,30.0,0.01172,5.587,Aix,6.044,0.67991,0.847
1,171,163.9,30.3,0.01441,7.945,Aix,6.162,0.72799,1.181
0,157,148.5,32.2,0.01424,4.842,Aix,6.5947,0.71027,0.741
0,181,146.6,32.7,0.01151,5.193,Aix,7.0831,0.53316,0.809
0,155,157.5,32.2,0.0179,5.705,Aix,5.7689,0.588,0.984
0,191,149.6,31.8,0.0152,7.863,Aix,6.3702,0.82981,1.276
1,202,143.2,32.5,0.01549,4.628,Aix,7.161,0.62674,0.79
1,176,128.5,31.6,0.01332,4.274,Aix,7.1028,0.61534,0.768
0,183,184.0,32.8,0.01814,4.56,Aix,7.4404,0.63275,0.544
0,255,191.2,34.1,0.01693,10.559,Aix,7.0725,0.8054,1.254
0,185,176.9,32.6,0.02004,10.608,Aix,7.2863,0.75628,1.396
0,193,207.7,32.5,0.01941,8.263,Aix,6.7417,0.56332,0.981
1,197,205.9,32.1,0.01722,7.736,Aix,6.5307,0.4431,0.856
0,136,126.1,32.5,0.01247,1.968,Aix,7.9076,-0.16515,0.319
1,141,91.8,23.3,0.00714,13.654,Aix,6.0803,0.93716,4.015
0,103,130.0,25.1,0.00431,6.631,Aix,6.1033,-1.53802,1.206
0,90,95.8,21.1,0.00442,2.756,Aix,8.6833,-0.50486,0.745
1,91,121.5,18.0,0.00558,3.785,Aix,12.5495,-0.71208,0.855
0,93,110.1,19.8,0.00373,4.416,Aix,7.3055,-0.33474,1.101
0,93,163.1,19.0,0.0069,30.934,Aix,3.9319,0.12751,5.006
0,119,119.4,20.9,0.00414,4.848,Aix,4.3463,-0.40187,1.069
0,124,129.6,22.0,0.00569,2.584,Aix,7.518,-0.49935,0.483
1,87,102.5,18.9,0.00956,4.836,Aix,5.3535,-0.57246,1.289
1,107,116.9,20.0,0.00637,6.632,Aix,6.3789,0.23737,1.635
0,106,81.4,14.5,0.00969,22.496,Aix,0.9434,-0.5586,8.513
0,77,122.0,16.0,0.01097,4.776,Aix,3.9205,-0.65881,0.94
0,82,101.0,15.6,0.00599,3.834,Aix,11.9808,-0.65519,1.098
0,93,131.5,22.9,0.00404,5.167,Aix,5.9464,-0.34302,1.057
0,117,118.1,21.6,0.0065,19.528,Aix,6.4382,0.75244,4.996
1,115,93.4,22.0,0.00555,12.768,Aix,6.1294,1.07796,4.025
1,117,134.9,23.2,0.0054,2.606,Aix,4.826,-0.97705,0.498
0,87,102.0,20.5,0.00635,2.886,Aix,11.6825,-0.66405,0.758
0,111,117.9,24.0,0.00669,4.662,Aix,6.0166,-0.26917,1.072
0,116,169.5,24.8,0.0119,11.374,Aix,4.7011,0.51123,1.846
0,144,190.1,24.5,0.01167,7.578,Aix,5.0567,0.42826,1.031
0,155,150.8,25.3,0.01021,9.947,Aix,5.5866,0.77274,1.778
1,183,155.1,25.1,0.01015,5.715,Aix,5.7585,0.35471,0.965
1,134,158.0,25.5,0.01045,6.063,Aix,5.0606,0.5167,1.08
0,82,115.9,27.3,0.01517,2.534,Aix,9.6177,-0.77069,0.477
0,90,106.7,24.3,0.01129,5.547,Aix,5.0912,-0.7854,1.45
0,151,148.9,25.0,0.0095,4.297,Aix,5.101,0.01961,0.722
0,188,167.8,24.0,0.01242,3.99,Aix,2.8071,0.07131,0.597
0,142,170.0,24.9,0.01156,3.398,Aix,4.4598,0.34302,0.458
1,85,127.8,26.3,0.00439,2.868,Aix,7.4404,-0.63275,0.592
1,90,94.9,25.5,0.00407,3.212,Aix,10.3856,-0.67624,0.907
0,68,101.6,25.4,0.00597,3.125,Aix,11.7456,-0.74927,0.795
0,98,123.6,19.5,0.00778,6.765,Aix,7.0292,0.87606,1.659
0,111,106.3,21.9,0.00495,3.546,Aix,5.8189,-0.33262,0.922
0,131,145.0,20.2,0.00686,5.6,Aix,6.6129,0.35523,1.143
1,102,132.8,20.0,0.00772,10.051,Aix,6.0877,0.83188,2.395
1,112,122.4,21.8,0.00688,6.876,Aix,6.2097,1.31019,1.574
0,104,137.2,25.0,0.00809,4.961,Aix,6.691,-1.40565,0.924
0,109,156.4,25.7,0.00717,4.264,Aix,6.0415,-0.50067,0.692
0,117,124.2,28.5,0.00827,2.455,Aix,6.7417,-0.36398,0.482
0,139,178.4,29.3,0.00922,3.877,Aix,6.5307,0.2004,0.516
1,229,173.2,28.6,0.00977,5.366,Aix,5.6436,0.51915,0.763
0,169,194.6,27.5,0.01235,4.596,Aix,4.3863,0.42285,0.569
0,122,177.1,29.3,0.01167,4.776,Aix,5.8669,0.51703,0.682
0,163,188.8,27.3,0.01504,4.38,Aix,1.5811,0.60554,0.478
0,123,163.7,27.6,0.01125,8.893,Aix,4.3417,0.50486,1.441
0,116,153.5,28.2,0.01078,14.289,Aix,6.7201,0.93325,2.492
1,117,152.0,28.4,0.00954,11.102,Aix,6.229,0.73997,1.931
1,118,160.1,30.3,0.00878,7.62,Aix,6.3253,0.68462,1.184
0,115,165.8,31.1,0.0083,8.147,Aix,6.49,0.588,1.291
0,97,141.2,30.8,0.00924,9.569,Aix,6.825,0.68161,1.756
0,82,146.8,27.1,0.01244,7.886,Aix,6.1522,0.79689,1.545
0,116,107.4,27.7,0.00828,2.518,Aix,8.3024,-0.02409,0.549
0,64,104.7,26.0,0.01025,2.053,Aix,8.8051,0.03408,0.463
0,81,111.2,25.8,0.00626,3.135,Aix,8.8204,-0.57542,0.782
1,102,128.3,24.0,0.00658,2.539,Aix,9.0802,-0.44395,0.51
1,89,144.3,25.6,0.00742,2.16,Aix,5.9816,-0.66691,0.348
0,124,141.6,30.0,0.00863,2.542,Aix,5.7009,-0.37725,0.411
0,139,186.2,28.1,0.00844,5.222,Aix,6.3695,0.38634,0.684
0,176,170.3,27.1,0.01128,3.391,Aix,3.6056,0.33929,0.411
1,148,176.6,27.2,0.00896,8.967,Aix,6.3702,0.74098,1.491
0,156,166.6,27.4,0.00897,13.771,Aix,6.4351,0.79639,2.208
1,123,142.4,30.2,0.01025,17.158,Aix,7.1344,1.02557,3.107
1,149,244.1,33.3,0.00782,9.755,Aix,5.7009,0.66104,0.97
0,120,227.0,23.9,0.01232,17.013,Aix,3.467,0.99079,2.068
0,77,121.2,25.9,0.00929,4.712,Aix,8.1025,-0.41948,0.953
0,107,98.2,29.8,0.0043,3.937,Aix,11.5256,-0.67474,0.97
0,83,98.5,30.5,0.00619,3.0,Aix,12.1622,-0.7854,0.728
0,120,109.1,29.6,0.00375,3.605,Aix,10.9786,-0.7274,0.823
1,96,159.1,27.6,0.00608,3.907,Aix,7.0029,0.02856,0.628
1,98,143.7,27.8,0.00909,13.958,Aix,6.1847,0.88848,2.598
0,102,144.5,27.9,0.01151,15.724,Aix,6.3411,0.90837,2.953
0,144,253.4,29.1,0.00913,17.967,Aix,5.6727,0.71054,1.89
0,103,151.7,30.3,0.00995,9.202,Aix,6.8154,1.17939,1.487
0,113,150.3,31.4,0.01004,7.685,Aix,7.0214,1.26706,1.216
0,115,207.2,30.5,0.01224,7.961,Aix,5.8241,1.2925,0.853
1,117,122.0,29.0,0.00701,2.961,Aix,7.6538,-0.50456,0.579
1,93,102.7,26.5,0.0044,3.172,Aix,8.3648,-0.48503,0.743
0,93,132.0,29.8,0.00476,3.34,Aix,6.2514,0.12832,0.581
0,100,149.8,23.9,0.01123,2.643,Aix,5.0329,-0.36575,0.358
0,97,122.8,26.2,0.00743,3.118,Aix,14.2948,-0.82498,0.617
0,101,98.4,26.2,0.00428,3.778,Aix,14.1767,-0.85528,0.982
0,98,93.9,29.8,0.00464,3.572,Aix,10.8904,-0.77241,0.898
1,83,98.9,30.0,0.00518,1.852,Aix,10.4019,-0.90807,0.453
1,74,79.6,26.8,0.00629,2.079,Aix,12.14,-0.92565,0.605
0,118,103.7,27.0,0.00364,3.122,Aix,5.5902,-0.17985,0.666
0,109,126.7,25.1,0.00672,12.365,Aix,6.8819,0.95055,2.655
0,99,241.6,23.1,0.0138,9.918,Aix,3.9825,0.49734,1.008
0,85,102.3,28.6,0.00453,3.159,Aix,9.9765,-0.74995,0.737
1,92,78.5,28.6,0.00483,2.515,Aix,9.4403,-0.63503,0.744
1,92,100.2,28.4,0.00638,2.603,Aix,7.5007,-0.01333,0.572
0,109,135.6,26.4,0.00556,12.93,Aix,6.4444,0.84029,2.396
0,117,128.4,27.2,0.00985,5.479,Aix,6.6287,0.1974,0.968
1,91,118.1,24.1,0.0058,2.606,Aix,7.1449,0.1122,0.517
1,69,131.4,19.6,0.00902,4.453,Aix,6.5,-0.5325,0.766
0,83,126.5,23.0,0.00866,3.837,Aix,14.0014,-0.7955,0.724
0,71,103.9,25.9,0.00462,2.839,Aix,10.6832,-0.7523,0.652
0,105,147.6,26.4,0.00827,5.04,Aix,5.41202,0.28084,0.766
0,108,120.4,24.5,0.00693,7.581,Aix,6.73573,0.71185,1.408
0,86,113.9,26.1,0.00779,5.063,Aix,5.93633,-0.56931,0.852
1,26,187.3,21.7,0.01044,20.248,Aix,4.12311,0.39852,2.278
1,79,149.8,24.0,0.01226,5.145,Aix,2.69072,-0.73282,0.702
0,109,176.3,25.6,0.01088,6.182,Aix,6.31981,0.0792,0.761
0,138,192.4,27.2,0.00929,5.561,Aix,5.91692,0.53172,0.613
0,126,153.9,27.4,0.0065,10.126,Aix,5.63649,0.43984,1.488
0,100,132.1,25.6,0.01043,15.658,Aix,6.30079,0.94317,2.78
0,133,183.6,28.8,0.00874,15.225,Aix,5.45894,0.49642,1.787
1,112,157.0,28.4,0.00932,7.958,Aix,5.76975,0.44814,1.115
1,110,130.5,27.6,0.00816,11.647,Aix,5.59732,0.8486,1.986
0,104,90.2,21.2,0.01293,4.083,Aix,9.80306,-0.32175,1.052
0,71,85.1,19.5,0.01333,4.528,Aix,7.0214,-0.30373,0.838
0,86,92.6,19.9,0.01301,18.337,Aix,2.96816,0.56931,2.935
1,84,66.9,21.0,0.01359,9.213,Aix,2.30217,-1.52735,1.686
0,75,91.5,21.5,0.00773,4.522,Aix,5.72713,-0.43241,1.11
0,96,118.6,21.2,0.01044,11.1,Aix,4.68615,0.87606,2.043
0,87,116.8,24.6,0.00992,5.553,Aix,5.73847,-0.39345,0.999
0,105,148.4,25.9,0.00956,9.34,Aix,4.00125,-0.02499,1.24
0,60,75.8,17.9,0.00799,9.915,Aix,2.77308,-0.44752,2.766
0,112,139.6,20.4,0.00741,8.124,Aix,4.20476,-0.04758,1.221
0,117,154.7,20.4,0.00663,31.114,Aix,3.80789,0.23861,3.776
1,105,152.6,20.4,0.00975,18.402,Aix,2.65707,0.34556,2.339
1,46,67.2,15.0,0.00978,0.708,Als,4.44072,0.62549,0.264
1,92,82.7,18.0,0.01055,0.811,Als,3.96232,0.1776,0.23
0,68,100.1,15.8,0.00932,2.41,Als,0.41231,0.24498,0.638
0,85,80.5,17.1,0.01091,0.713,Als,3.61248,0.72664,0.229
0,96,74.8,18.0,0.00896,0.499,Als,5.21728,0.21243,0.158
0,114,56.1,19.7,0.00894,1.065,Als,1.97231,0.53172,0.444
0,127,72.2,21.5,0.00995,1.045,Als,3.2249,1.05165,0.348
1,140,123.2,22.3,0.00865,13.882,Als,5.66392,0.83536,2.94
1,131,98.0,23.6,0.01013,4.596,Als,6.88186,0.95055,1.154
0,84,126.5,23.9,0.01314,2.982,Als,1.52315,0.40489,0.538
0,126,211.7,26.0,0.01719,5.682,Als,3.70135,0.67052,0.622
0,102,98.5,22.4,0.01615,1.31,Als,3.16228,0.32175,0.282
0,75,118.5,19.8,0.01496,3.347,Als,4.3566,1.01463,0.757
0,79,88.2,18.1,0.01299,1.076,Als,5.99333,0.44872,0.289
1,99,81.8,20.5,0.0117,1.101,Als,1.30384,0.56673,0.319
1,92,119.8,20.7,0.01192,1.407,Als,2.88444,0.98279,0.273
0,70,69.4,17.6,0.00882,0.567,Als,6.92315,0.1889,0.186
0,70,66.7,19.4,0.01192,0.657,Als,2.97321,0.34302,0.207
0,73,58.4,22.3,0.01489,1.064,Als,2.8178,0.47952,0.354
0,64,75.4,23.9,0.01404,0.922,Als,6.60303,-0.03029,0.251
0,120,103.9,27.1,0.01399,5.676,Als,0.6,0.0,1.244
1,62,82.2,26.4,0.02058,1.103,Als,3.02655,0.13255,0.272
1,101,74.1,26.2,0.01725,1.676,Als,2.06155,0.88848,0.49
0,166,143.5,32.0,0.01734,8.674,Als,1.69706,0.7854,1.37
0,239,133.5,34.7,0.01906,6.254,Als,0.5,0.9273,0.959
0,184,183.8,29.2,0.02153,4.026,Als,4.38292,0.47385,0.491
0,87,100.1,25.2,0.02475,1.78,Als,5.09215,0.34038,0.318
0,103,127.7,25.1,0.02183,2.528,Als,1.14018,-1.30454,0.442
1,134,80.9,27.2,0.01876,1.54,Als,1.48661,0.73782,0.42
1,98,105.0,27.8,0.01808,3.178,Als,0.36056,-0.588,0.663
0,124,113.8,23.3,0.01488,3.849,Als,2.7313,0.41451,0.819
0,146,119.2,23.1,0.01047,3.831,Als,3.52278,0.60375,0.771
0,154,100.2,26.6,0.01173,1.357,Als,2.12132,0.7854,0.273
0,118,73.5,25.4,0.00992,0.592,Als,5.96657,0.23685,0.164
0,98,60.8,19.5,0.00972,0.724,Als,5.29528,-0.18999,0.281
1,95,48.8,18.6,0.00919,0.39,Als,4.62277,0.89268,0.178
1,110,80.8,21.4,0.01089,0.702,Als,4.52217,0.31476,0.194
0,117,86.5,25.8,0.01029,0.828,Als,4.08044,0.6288,0.202
0,63,63.3,18.8,0.01252,0.771,Als,6.22896,0.09647,0.271
0,69,51.0,20.1,0.0157,0.885,Als,8.62148,0.90874,0.355
0,76,77.8,18.2,0.01366,0.87,Als,5.09902,0.44611,0.253
0,109,108.8,23.0,0.01226,2.664,Als,0.31623,-0.32175,0.567
1,79,66.3,20.1,0.01488,0.649,Als,3.45398,0.38588,0.183
1,81,77.4,22.4,0.01368,1.225,Als,1.45602,0.2783,0.345
0,127,126.3,29.1,0.01264,3.341,Als,0.7,-1.57079,0.584
0,79,159.2,30.1,0.01376,1.66,Als,2.76586,0.86217,0.226
0,59,83.9,19.0,0.01388,0.754,Als,5.37122,0.42201,0.188
0,97,68.1,21.6,0.01166,0.676,Als,2.6,-0.39479,0.207
0,132,193.6,25.0,0.01367,5.321,Als,3.20156,0.25255,0.623
1,84,104.3,23.0,0.01309,0.989,Als,0.9434,0.5586,0.182
0,27,122.7,22.1,0.02082,2.742,Als,2.14009,0.91795,0.444
0,31,84.2,18.0,0.01849,1.264,Als,3.33766,-0.15037,0.312
0,69,59.1,19.4,0.01456,4.062,Als,3.04138,0.47835,1.768
0,107,79.5,21.6,0.01206,3.704,Als,3.36155,0.53022,1.285
1,135,116.7,27.6,0.01025,1.039,Als,2.40832,0.84415,0.179
1,99,96.8,24.8,0.00896,0.793,Als,7.21249,0.29544,0.177
0,116,77.6,21.5,0.01156,0.684,Als,3.70135,0.90027,0.186
0,120,80.7,24.7,0.01293,0.79,Als,4.52769,0.75416,0.212
0,71,119.0,23.8,0.01287,1.036,Als,6.08276,0.16515,0.173
0,91,139.3,21.8,0.01134,1.535,Als,3.7855,0.21294,0.226
0,86,121.8,22.4,0.01419,1.595,Als,2.37697,0.38832,0.263
1,126,125.1,25.7,0.01703,2.097,Als,6.12209,0.90116,0.349
1,114,142.0,27.2,0.01572,2.629,Als,5.72014,0.93429,0.386
0,139,159.2,29.1,0.01723,3.9,Als,4.67547,0.72487,0.493
0,142,185.7,29.7,0.0188,3.962,Als,4.245,0.75208,0.436
0,92,115.6,24.2,0.01843,1.279,Als,2.69072,0.73282,0.218
0,163,97.7,29.5,0.01351,0.955,Als,3.78021,0.91671,0.181
1,173,124.6,32.9,0.01446,1.141,Als,3.05287,0.55165,0.168
1,169,153.2,35.0,0.01539,1.762,Als,2.95466,0.41822,0.209
0,210,135.2,35.6,0.014,1.14,Als,4.2638,0.88507,0.153
0,226,125.7,36.2,0.01295,0.736,Als,5.73149,0.74838,0.105
0,206,132.6,34.4,0.0097,1.662,Als,4.96488,0.97162,0.238
0,214,117.5,35.7,0.00912,1.737,Als,4.03113,0.80294,0.281
0,161,140.6,36.3,0.0138,0.789,Als,4.245,0.81872,0.102
1,185,137.4,36.4,0.01607,1.841,Als,3.36155,1.04058,0.301
1,147,154.0,34.8,0.0133,2.693,Als,3.64005,0.2783,0.331
0,208,125.9,33.2,0.0071,1.452,Als,3.74833,0.76653,0.224
0,219,173.9,36.8,0.0099,2.994,Als,2.19317,-1.14794,0.327
0,204,132.4,37.4,0.01181,0.697,Als,4.92544,-0.10169,0.1
0,157,138.6,29.5,0.01754,1.616,Als,4.17732,0.1927,0.207
1,139,76.6,25.0,0.01029,1.301,Als,5.1,0.48996,0.355
1,156,128.6,27.0,0.01169,2.17,Als,5.39073,0.86418,0.325
1,168,155.8,31.7,0.01598,2.958,Als,4.005,0.04996,0.329
0,98,83.5,24.4,0.0162,0.95,Als,8.13941,0.18535,0.197
0,114,90.5,27.2,0.01411,0.557,Als,3.44819,-0.51555,0.101
1,126,61.5,26.4,0.00714,2.918,Als,3.53553,0.7854,0.89
0,113,112.4,27.7,0.00728,1.68,Als,6.4195,0.31682,0.257
0,66,79.0,15.1,0.00751,1.399,Als,6.13922,0.21337,0.311
1,60,102.4,14.6,0.00827,2.078,Als,0.53852,-1.19029,0.432
1,79,78.0,12.6,0.00769,1.193,Als,9.97246,0.27417,0.31
1,80,78.5,10.9,0.00567,1.495,Als,6.08358,0.44159,0.466
0,99,74.9,12.4,0.00517,0.997,Als,3.60555,0.0555,0.317
0,82,78.2,13.4,0.00376,1.167,Als,1.43178,1.3597,0.366
0,92,82.6,13.9,0.0033,1.51,Als,4.62277,0.89268,0.463
0,99,78.5,17.5,0.00425,1.535,Als,8.45044,0.87757,0.444
1,69,82.4,14.8,0.0098,1.75,Als,9.41116,0.82297,0.429
1,95,75.7,16.7,0.0049,1.579,Als,2.92746,-0.13707,0.486
0,71,99.8,17.6,0.00601,2.443,Als,4.50444,1.52638,0.526
0,74,78.2,14.2,0.00735,2.505,Als,5.25547,1.20089,0.728
0,83,76.3,15.0,0.00448,1.533,Als,3.58469,1.04473,0.497
0,92,94.8,17.2,0.00559,2.209,Als,1.33417,-1.344,0.542
0,99,64.0,22.7,0.00783,2.681,Als,2.55539,0.53371,0.836
1,91,77.0,19.2,0.01011,2.058,Als,2.86007,0.63651,0.526
1,79,56.4,16.1,0.00945,2.418,Als,1.2083,-0.42663,0.945
0,58,55.6,14.5,0.01327,1.994,Als,5.80517,0.73666,0.803
0,101,73.4,19.4,0.0096,1.422,Als,2.26274,0.7854,0.42
0,100,106.0,24.5,0.01034,1.918,Als,2.90689,1.50194,0.379
0,149,128.2,28.3,0.01325,2.959,Als,1.9105,-1.46592,0.464
0,140,155.6,30.7,0.01532,2.2,Als,2.5632,1.21203,0.278
1,141,115.1,31.1,0.01759,2.204,Als,2.77849,1.04272,0.38
1,178,126.0,29.6,0.01802,1.582,Als,3.7108,1.32582,0.218
0,54,103.2,19.6,0.01722,1.65,Als,6.64078,0.32175,0.322
0,103,94.3,17.6,0.0098,1.582,Als,1.62788,0.18535,0.388
0,129,100.4,23.2,0.00671,1.416,Als,3.80789,1.1659,0.298
0,132,107.5,28.2,0.00777,2.109,Als,4.46542,0.97658,0.387
1,81,100.3,19.7,0.00746,1.049,Als,7.61577,0.5224,0.231
1,76,101.2,20.2,0.00602,0.907,Als,6.67608,0.28859,0.197
0,46,97.7,18.1,0.00831,1.839,Als,6.30317,0.84152,0.413
0,80,81.8,17.5,0.00377,0.887,Als,5.18941,1.13301,0.263
0,91,101.3,17.9,0.00555,1.228,Als,5.51543,1.18019,0.279
0,109,103.8,19.0,0.00706,1.446,Als,1.40357,-0.07131,0.294
1,51,63.4,16.5,0.00747,2.396,Als,1.02956,0.5071,0.863
1,101,78.4,18.9,0.00627,1.776,Als,1.21655,-1.40565,0.536
0,121,85.9,21.9,0.00683,0.915,Als,2.10238,0.44237,0.226
0,132,114.8,24.6,0.00754,1.959,Als,1.58114,0.96525,0.351
0,92,103.6,25.0,0.00865,1.126,Als,2.60768,-0.07677,0.225
0,94,90.9,26.4,0.01211,0.994,Als,3.50143,-0.02856,0.206
1,124,94.3,26.2,0.00714,1.826,Als,6.71193,1.07383,0.4
1,124,91.8,27.8,0.00726,1.263,Als,7.64003,0.92468,0.279
0,162,146.4,30.9,0.00779,2.048,Als,6.12944,1.07796,0.291
0,174,132.8,31.4,0.00948,2.243,Als,3.55106,0.56457,0.346
0,164,134.0,29.3,0.00779,1.466,Als,4.24382,0.60107,0.226
0,196,138.6,30.7,0.00846,1.584,Als,4.87032,1.23606,0.233
0,179,141.8,32.6,0.01084,1.308,Als,3.19061,1.00887,0.175
1,84,107.1,23.9,0.01372,1.519,Als,4.81041,0.75599,0.276
1,156,143.8,27.3,0.01092,2.171,Als,2.40416,0.7854,0.322
0,152,148.8,29.8,0.0106,1.636,Als,1.3,-1.17601,0.22
0,215,156.3,30.8,0.01082,2.578,Als,4.51885,1.13684,0.338
0,78,113.8,27.6,0.01196,1.337,Als,4.30116,0.30705,0.232
0,94,84.7,23.1,0.011,0.945,Als,5.02892,0.30288,0.219
0,73,78.3,21.1,0.00831,0.932,Als,6.23939,0.37753,0.248
1,59,52.5,20.7,0.01222,1.577,Als,3.11127,0.7854,0.535
1,99,157.4,25.9,0.01228,3.235,Als,1.14018,0.90975,0.446
0,53,101.0,17.4,0.01132,1.505,Als,8.15414,0.5846,0.288
0,44,71.5,19.8,0.01089,1.07,Als,5.34509,0.304,0.292
0,48,89.1,16.7,0.00853,1.514,Als,5.004,-0.03998,0.359
0,63,88.4,17.0,0.00891,1.385,Als,1.64012,0.6557,0.333
1,117,121.4,21.1,0.00995,1.758,Als,5.0,0.9273,0.294
1,109,93.5,24.3,0.01412,1.454,Als,5.81808,1.14559,0.316
0,73,111.0,26.2,0.00896,1.419,Als,6.17414,1.13613,0.251
0,131,105.2,26.3,0.01053,1.324,Als,6.0,0.9273,0.247
0,142,105.7,28.6,0.00814,1.414,Als,5.73062,1.06031,0.258
1,181,126.0,29.9,0.00765,2.989,Als,2.59615,1.29779,0.469
0,150,104.6,30.0,0.01184,2.287,Als,4.03113,0.80294,0.419
1,128,107.8,25.6,0.0143,1.356,Als,5.71402,0.99736,0.238
1,119,148.6,29.0,0.00699,1.799,Als,4.11825,0.5071,0.241
0,98,133.9,28.5,0.01,1.391,Als,7.59539,0.15866,0.193
0,82,98.0,21.4,0.00962,1.446,Als,6.77791,0.37777,0.305
0,60,86.0,23.2,0.00892,1.396,Als,8.59593,0.51049,0.301
0,93,92.7,21.2,0.01049,1.255,Als,6.62118,0.43663,0.26
0,36,85.1,21.6,0.00991,0.902,Als,5.34509,0.304,0.175
1,94,95.5,22.3,0.00691,0.745,Als,3.00167,0.52328,0.164
1,70,81.5,22.9,0.01066,1.746,Als,6.45368,0.86217,0.346
0,45,59.9,21.0,0.01082,2.112,Als,7.35731,1.02805,0.682
0,82,71.7,23.5,0.01149,1.26,Als,2.59422,0.48089,0.283
0,142,157.7,29.6,0.01427,4.596,Als,0.14142,0.7854,0.521
0,131,82.2,30.0,0.01318,2.72,Als,1.07703,0.38051,0.58
0,125,103.9,28.4,0.01115,1.361,Als,4.70106,0.02127,0.236
1,65,89.1,23.3,0.01048,0.817,Als,5.51453,0.0726,0.172
1,87,80.4,22.7,0.00783,0.812,Als,4.66476,0.54042,0.194
0,96,101.4,23.8,0.00805,1.851,Als,1.50333,1.50423,0.387
0,35,87.8,20.3,0.00931,1.528,Als,4.60977,1.14596,0.356
0,103,95.1,23.3,0.00701,0.873,Als,5.10392,-0.0392,0.184
0,79,89.6,22.1,0.00733,0.831,Als,2.81603,-0.10674,0.179
0,88,76.6,22.8,0.00924,1.555,Als,5.0,0.9273,0.368
1,70,75.4,18.4,0.00702,1.193,Als,4.07185,0.43069,0.331
1,72,59.5,15.2,0.00858,1.246,Als,2.43516,-0.33474,0.454
0,64,50.6,19.0,0.00619,0.62,Als,5.54437,0.68319,0.228
0,90,74.5,21.0,0.00742,0.968,Als,3.00167,0.52328,0.258
0,66,78.8,21.4,0.00824,1.361,Als,3.08058,1.34156,0.326
0,57,85.0,23.5,0.01027,1.306,Als,4.12311,0.68232,0.256
1,92,76.9,21.9,0.00804,1.064,Als,3.72022,0.63275,0.254
1,67,53.5,19.2,0.00897,0.782,Als,6.72681,0.08931,0.216
0,101,114.5,25.2,0.00974,2.409,Als,6.26259,0.67225,0.389
0,98,60.2,23.0,0.01359,1.736,Als,5.80086,0.01724,0.465
1,74,97.0,22.3,0.00919,1.35,Als,1.11803,-0.46365,0.252
1,61,96.8,18.5,0.01269,2.729,Als,3.1257,1.44247,0.583
0,91,107.7,22.2,0.01255,1.659,Als,2.3,0.0,0.195
0,91,93.0,22.7,0.01069,1.289,Als,3.22025,0.63108,0.205
0,78,87.7,21.7,0.01058,1.715,Als,2.60768,0.07677,0.323
0,62,64.2,17.9,0.01195,2.114,Als,6.02163,0.62025,0.553
0,68,93.5,19.6,0.00529,1.383,Als,4.65296,0.49249,0.285
1,79,81.8,21.3,0.00641,1.254,Als,2.2561,1.34732,0.272
1,103,96.7,23.4,0.00677,2.399,Als,4.0,0.9273,0.477
0,120,144.0,26.4,0.00943,2.854,Als,5.06952,1.18663,0.352
0,126,151.1,28.7,0.00947,2.519,Als,6.15549,0.81987,0.286
0,144,180.5,28.7,0.00945,5.117,Als,2.69258,1.19029,0.501
0,93,109.3,28.3,0.01268,1.681,Als,4.29535,0.21109,0.23
0,109,93.0,26.6,0.01033,3.22,Als,1.98494,0.71409,0.556
1,98,111.8,25.7,0.01056,1.814,Als,4.78017,0.65187,0.274
1,102,128.7,27.2,0.00933,5.772,Als,5.39073,0.70661,0.815
0,111,134.8,26.6,0.00703,5.738,Als,2.2,1.57079,0.797
0,126,119.8,26.4,0.01124,3.86,Als,1.47648,0.49394,0.471
0,156,117.5,28.1,0.01025,1.915,Als,4.10488,0.97604,0.208
0,110,139.6,29.0,0.00966,2.97,Als,3.84708,1.0839,0.281
1,78,101.7,25.4,0.01025,1.835,Als,3.27567,1.02514,0.203
1,33,91.3,19.7,0.01281,2.272,Als,2.28254,1.06795,0.298
0,58,80.5,19.5,0.01192,2.363,Als,2.41661,0.42663,0.381
0,41,67.7,21.2,0.0097,4.203,Als,3.96232,0.8211,1.043
0,87,110.2,23.4,0.00885,2.25,Als,5.69386,0.5344,0.294
0,42,96.7,23.5,0.01019,2.519,Als,5.73062,0.51049,0.343
0,39,51.7,12.7,0.00861,6.336,Als,4.20476,1.12842,1.874
1,65,59.8,14.9,0.00484,4.398,Als,4.85489,1.00565,1.409
0,65,83.2,16.9,0.00514,5.067,Als,2.24722,1.20682,1.116
0,78,82.9,19.3,0.00469,4.741,Als,6.16117,0.94677,0.955
0,57,104.9,19.4,0.00672,5.205,Als,4.51885,1.13684,0.779
0,79,69.3,20.5,0.00708,3.934,Als,2.64008,0.91972,0.883
1,101,111.2,19.3,0.00665,2.633,Als,4.15933,0.4744,0.343
0,23,65.1,18.3,0.01106,2.519,Als,2.77849,0.52807,0.507
0,19,48.2,20.5,0.00786,7.777,Als,3.58469,1.04473,2.143
0,41,63.4,18.2,0.00655,1.795,Als,4.20119,0.66731,0.402
0,52,58.8,15.5,0.00839,2.917,Als,6.2642,0.29146,0.668
1,84,81.3,22.3,0.00904,0.785,Cad,9.3622,-0.40629,0.213
1,103,100.5,20.7,0.00748,0.981,Cad,9.4366,-0.17038,0.233
0,100,115.1,17.9,0.00816,0.811,Cad,9.4048,-0.14942,0.193
0,96,95.0,19.7,0.00726,0.743,Cad,10.9385,-0.24941,0.191
0,115,93.8,24.3,0.0071,0.788,Cad,9.7739,-0.3444,0.199
0,114,117.5,24.9,0.00909,1.109,Cad,7.6531,-0.11787,0.22
0,153,128.8,27.1,0.00937,1.194,Cad,4.6872,0.588,0.197
1,203,182.0,25.4,0.01275,5.952,Cad,6.1074,0.69264,0.812
1,208,188.0,25.3,0.01184,7.85,Cad,6.7956,0.57576,1.13
0,121,137.7,25.5,0.01141,10.433,Cad,6.1221,0.66964,1.931
0,112,101.1,21.1,0.01706,1.154,Cad,6.8118,-0.86854,0.27
0,114,129.3,17.7,0.01684,3.685,Cad,2.9206,0.66405,0.685
0,56,146.4,14.3,0.01488,2.988,Cad,5.2154,0.07677,0.524
0,103,115.4,19.0,0.01088,1.922,Cad,8.5475,0.10549,0.354
1,84,78.7,15.3,0.01547,0.84,Cad,1.6125,-1.05165,0.235
1,72,88.4,20.4,0.01315,0.76,Cad,8.1345,-0.36453,0.197
0,92,85.3,23.0,0.0069,0.854,Cad,11.0693,-0.39896,0.219
0,77,89.2,25.2,0.00922,0.953,Cad,9.2445,-0.27384,0.221
0,178,192.3,26.9,0.01209,5.783,Cad,7.6158,0.40489,0.703
0,114,126.2,29.4,0.0117,1.363,Cad,7.7414,-0.10352,0.226
0,173,143.1,28.5,0.01208,5.686,Cad,6.9354,0.4314,0.898
0,194,177.6,30.9,0.0101,6.974,Cad,6.3906,0.35144,0.94
0,188,159.8,31.6,0.00888,4.145,Cad,7.8109,0.3258,0.777
0,143,203.2,32.3,0.01132,6.198,Cad,6.4885,0.49812,0.703
0,125,214.5,30.8,0.00733,4.045,Cad,6.4133,0.18822,0.466
1,106,138.0,34.1,0.01192,1.112,Cad,7.5505,-0.19999,0.159
1,114,157.8,32.9,0.01569,3.481,Cad,7.1847,0.60731,0.454
0,112,144.1,31.7,0.01414,1.918,Cad,7.7666,-0.2075,0.274
0,100,147.7,30.8,0.01047,1.7,Cad,9.6047,-0.25255,0.228
0,166,48.3,27.0,0.02361,1.488,Cad,3.1953,-1.21935,0.494
0,135,183.0,27.8,0.01463,7.783,Cad,5.8052,0.73666,1.054
0,73,104.1,26.6,0.00891,1.151,Cad,11.9281,-0.60661,0.214
1,101,102.6,27.0,0.00727,1.027,Cad,7.311,-0.05474,0.204
1,117,108.0,26.1,0.01003,0.906,Cad,5.4745,0.16515,0.192
0,118,146.9,24.8,0.01367,2.28,Cad,4.9659,1.13417,0.374
0,74,129.9,26.5,0.01146,1.347,Cad,7.3682,-0.13614,0.241
0,108,148.6,24.4,0.01769,6.491,Cad,7.5769,0.39276,1.121
0,64,100.2,26.6,0.008,1.063,Cad,11.0766,-0.11764,0.217
0,131,134.7,26.5,0.00937,4.539,Cad,7.7698,0.55587,0.86
1,77,100.8,24.6,0.01033,0.875,Cad,7.9202,-0.42976,0.18
1,91,155.1,30.1,0.01152,2.396,Cad,7.0214,0.18622,0.338
0,102,113.9,30.2,0.01037,0.922,Cad,5.1662,-1.31643,0.163
0,105,130.5,28.9,0.01219,1.757,Cad,4.1617,0.95613,0.329
0,82,199.7,26.8,0.01421,2.838,Cad,6.9065,-0.04345,0.309
0,80,106.5,29.1,0.00923,1.106,Cad,8.36,-0.1199,0.215
0,89,119.6,29.8,0.00892,1.149,Cad,8.4593,-0.11849,0.202
1,70,73.9,25.5,0.01073,0.446,Cad,9.0377,-0.43395,0.124
0,94,137.6,20.3,0.01901,1.571,Cad,6.407,-0.04684,0.241
0,77,129.5,26.8,0.01463,1.6,Cad,8.9944,-0.49846,0.263
0,114,112.9,29.4,0.01169,0.867,Cad,10.3092,-0.31562,0.155
0,157,163.3,28.8,0.00785,1.878,Cad,7.7104,-0.16941,0.282
1,202,199.6,30.8,0.01222,3.813,Cad,8.3385,0.09609,0.409
1,191,268.6,30.7,0.0148,7.332,Cad,5.728,0.2831,0.653
0,112,151.5,31.9,0.00785,1.948,Cad,8.0623,-0.12435,0.258
0,189,179.9,30.5,0.01372,2.412,Cad,7.0,0.0,0.276
0,81,86.1,28.5,0.01048,0.568,Cad,12.8316,-0.7137,0.126
0,101,104.1,28.0,0.00958,1.197,Cad,10.6892,-0.4762,0.221
0,133,128.1,29.0,0.01221,1.477,Cad,4.7885,0.50101,0.251
1,147,131.0,28.7,0.01414,2.595,Cad,7.2498,0.42663,0.437
1,175,185.6,28.4,0.01535,2.914,Cad,6.4514,0.33155,0.351
0,143,172.3,23.9,0.02753,1.996,Cad,5.4589,0.49642,0.22
0,123,158.5,22.6,0.02186,2.948,Cad,5.7871,0.17367,0.428
0,137,141.8,31.0,0.01065,2.276,Cad,7.278,0.22165,0.351
1,224,157.0,32.2,0.01241,3.298,Cad,8.1271,0.32564,0.462
1,182,175.2,32.5,0.01564,3.332,Cad,8.132,0.28675,0.413
0,257,153.6,34.5,0.0104,3.863,Cad,8.5615,0.24781,0.548
0,269,173.5,34.3,0.01386,4.062,Cad,8.4694,0.40024,0.508
0,319,155.9,34.9,0.01142,2.87,Cad,8.3744,0.20442,0.385
0,209,185.6,33.1,0.019,1.931,Cad,3.7014,0.02702,0.215
0,209,174.6,30.4,0.02143,3.664,Cad,3.9395,0.41822,0.458
1,175,157.8,33.1,0.01556,2.308,Cad,5.1788,0.17467,0.306
1,208,141.3,33.4,0.0107,4.672,Cad,8.9694,0.38879,0.734
0,185,182.1,34.9,0.01817,3.313,Cad,8.5796,0.36968,0.378
0,254,211.2,36.3,0.01347,5.991,Cad,7.6968,0.42878,0.589
0,296,189.0,35.0,0.01722,6.023,Cad,8.5088,0.41106,0.668
0,201,203.9,34.3,0.01557,3.562,Cad,7.3926,0.40312,0.402
1,168,168.5,33.6,0.01599,2.645,Cad,7.7466,0.19486,0.308
1,102,161.9,32.3,0.01675,2.924,Cad,5.9682,0.54617,0.361
0,137,134.1,30.2,0.01361,2.587,Cad,6.9893,0.33532,0.402
0,134,120.5,32.8,0.01016,0.997,Cad,9.6338,-0.16686,0.159
1,141,110.3,26.0,0.00681,3.088,Cad,3.8079,1.04839,0.747
0,114,123.8,26.2,0.00412,0.85,Cad,5.8421,-1.45069,0.142
0,97,90.6,22.4,0.00343,0.551,Cad,9.1417,-0.34597,0.14
1,108,118.9,21.3,0.0043,0.738,Cad,9.2957,-0.70163,0.146
0,99,112.9,21.0,0.00328,1.194,Cad,9.7082,-0.04121,0.259
0,135,127.8,18.8,0.00748,1.392,Cad,2.1024,-0.04758,0.244
0,118,122.2,21.5,0.00398,1.887,Cad,5.8009,0.01724,0.365
0,130,131.0,20.6,0.00547,2.106,Cad,8.6452,-0.71992,0.392
1,105,85.0,17.3,0.01121,2.47,Cad,4.1593,-0.1691,0.734
1,113,111.9,19.3,0.00639,1.659,Cad,6.407,-0.04684,0.386
0,103,96.6,14.8,0.00983,1.327,Cad,2.6476,0.18999,0.363
0,86,120.7,15.6,0.0101,0.971,Cad,6.5437,-0.67713,0.181
0,85,97.1,18.6,0.00718,1.269,Cad,8.7092,-0.37624,0.317
0,113,132.6,23.1,0.00444,2.065,Cad,6.5008,-0.01538,0.376
0,122,135.4,23.5,0.0062,6.268,Cad,7.4,0.3303,1.266
1,127,113.4,24.9,0.00528,3.546,Cad,6.4661,0.55368,0.834
1,123,129.4,22.5,0.00541,0.787,Cad,6.1847,-0.68232,0.147
0,93,100.3,21.9,0.0071,0.745,Cad,11.3217,-0.42809,0.168
0,114,124.3,24.4,0.0074,1.773,Cad,5.8215,0.08599,0.341
0,201,188.4,26.5,0.01336,2.915,Cad,3.5903,0.22471,0.356
0,207,217.0,26.6,0.01328,3.434,Cad,5.9211,0.08454,0.355
0,169,150.4,27.6,0.01074,1.773,Cad,4.1183,0.5071,0.258
1,183,164.1,26.5,0.01085,2.369,Cad,6.637,0.10567,0.338
1,192,160.7,26.6,0.01089,2.296,Cad,7.0093,0.24498,0.339
0,101,111.7,27.9,0.01428,0.946,Cad,9.5462,-0.39801,0.172
0,109,109.1,25.6,0.01166,1.611,Cad,3.4059,-0.05876,0.35
0,156,127.4,23.5,0.01279,1.429,Cad,2.7459,0.5779,0.245
0,200,128.9,24.5,0.0117,0.894,Cad,2.7313,0.41451,0.154
0,138,168.3,25.8,0.01003,1.773,Cad,3.3541,1.39094,0.24
1,111,121.0,26.5,0.00417,0.964,Cad,7.4632,-0.31328,0.191
1,96,102.2,27.9,0.00474,0.856,Cad,9.4868,-0.32175,0.188
0,77,101.7,27.5,0.00566,1.009,Cad,9.6897,-0.54219,0.213
0,108,132.9,20.6,0.00656,3.218,Cad,7.8892,0.53172,0.648
0,125,108.1,21.9,0.00477,1.628,Cad,6.5192,0.36057,0.369
0,168,127.9,21.0,0.00494,1.539,Cad,7.506,-0.03998,0.311
1,135,135.9,20.9,0.00643,4.878,Cad,7.2014,0.44502,1.062
1,137,128.5,23.8,0.00746,1.258,Cad,5.9464,0.83298,0.226
0,137,126.0,25.4,0.008,0.756,Cad,7.7666,-0.96851,0.132
0,132,165.1,30.1,0.00804,1.27,Cad,6.5069,-0.04612,0.169
1,181,157.5,30.6,0.01108,1.435,Cad,6.5734,0.23022,0.184
0,148,152.8,27.6,0.01221,1.097,Cad,2.2023,-0.88187,0.157
0,141,157.6,27.5,0.01324,1.964,Cad,3.7121,-0.0809,0.282
0,127,161.7,30.0,0.01018,2.069,Cad,4.9193,0.46365,0.251
1,125,157.5,30.3,0.00847,2.922,Cad,7.2111,0.33929,0.427
1,220,187.1,33.0,0.00793,3.844,Cad,6.9426,0.20305,0.461
0,163,198.8,33.4,0.00757,9.536,Cad,7.2277,0.25169,1.188
0,125,152.2,32.8,0.00821,4.81,Cad,8.9811,0.32879,0.736
0,110,153.0,28.5,0.01098,3.088,Cad,7.3239,0.61073,0.513
0,114,94.2,28.3,0.00655,0.797,Cad,10.4785,-0.23109,0.182
0,78,79.3,26.1,0.00473,0.702,Cad,11.3864,-0.80403,0.196
1,97,154.5,29.7,0.00658,2.851,Cad,6.8942,0.41822,0.407
1,132,184.1,31.2,0.01022,3.083,Cad,5.1546,0.31562,0.371
0,92,142.9,24.8,0.01375,3.305,Cad,6.7742,0.54295,0.491
0,75,106.2,26.9,0.00844,0.99,Cad,9.8995,-0.1419,0.199
0,83,103.0,26.5,0.00561,0.889,Cad,10.139,-0.25933,0.209
1,111,122.2,24.4,0.00554,0.981,Cad,10.0807,-0.18961,0.189
1,101,128.9,24.7,0.00755,1.085,Cad,1.2369,0.24498,0.159
0,123,134.4,29.9,0.00775,1.196,Cad,5.099,0.44611,0.204
0,150,171.5,28.4,0.00774,2.17,Cad,7.1021,0.16978,0.283
0,184,158.3,28.4,0.00881,1.122,Cad,0.6083,1.40565,0.156
1,203,172.5,29.4,0.00883,2.544,Cad,6.8007,0.345,0.325
0,161,177.1,29.3,0.00831,5.405,Cad,7.209,0.414,0.727
1,170,174.1,33.8,0.00978,3.719,Cad,7.0385,0.3937,0.462
1,217,221.1,35.1,0.00762,3.732,Cad,6.772,0.28438,0.368
0,131,266.7,24.1,0.01355,5.625,Cad,3.2249,0.51915,0.494
0,86,102.5,27.3,0.00836,1.128,Cad,9.3301,-0.3048,0.222
0,114,95.1,31.5,0.00481,1.029,Cad,10.0319,-0.41013,0.22
0,85,109.3,31.7,0.00651,1.109,Cad,10.2942,-0.69598,0.207
0,123,107.6,31.0,0.00458,0.981,Cad,10.1843,-0.34038,0.193
1,108,150.1,27.9,0.00484,1.635,Cad,8.1056,0.03702,0.254
1,136,154.7,30.0,0.00811,3.482,Cad,6.7543,0.44378,0.51
0,163,157.2,30.0,0.01076,2.81,Cad,7.0214,0.45728,0.397
0,183,249.9,31.4,0.00923,4.311,Cad,7.3376,0.30451,0.401
0,136,136.3,32.8,0.00985,0.822,Cad,4.7676,1.4022,0.123
0,129,133.4,33.6,0.00923,0.83,Cad,5.9237,-1.19029,0.124
0,173,149.1,30.4,0.01098,1.421,Cad,7.1847,-0.96349,0.195
1,120,109.9,29.6,0.00607,0.893,Cad,8.6348,-0.23374,0.175
1,103,96.4,27.0,0.00372,0.838,Cad,10.2961,-0.19549,0.187
0,107,144.3,30.4,0.00496,1.819,Cad,7.0257,0.08551,0.265
0,110,126.4,23.2,0.01239,1.03,Cad,2.5495,0.44611,0.154
0,102,116.4,29.3,0.00713,1.353,Cad,10.7075,-0.96466,0.239
0,109,126.2,28.9,0.00549,1.668,Cad,10.8467,-0.71363,0.278
0,112,102.3,32.5,0.00481,1.507,Cad,7.0385,-0.3937,0.286
1,87,97.8,30.5,0.00393,0.643,Cad,10.6301,-0.71883,0.147
1,75,84.0,27.6,0.00598,0.843,Cad,10.9604,-0.79185,0.204
0,117,105.3,27.9,0.00285,1.536,Cad,4.2544,0.41106,0.29
0,146,135.9,27.6,0.00649,3.168,Cad,6.9778,0.44442,0.544
0,122,190.4,22.8,0.01417,2.995,Cad,4.2048,0.44237,0.326
0,99,115.0,29.9,0.00515,1.109,Cad,7.0937,-0.70557,0.193
1,95,67.1,29.0,0.00468,0.583,Cad,10.3368,-0.21447,0.173
1,89,98.3,28.9,0.00589,1.009,Cad,9.9141,-0.15188,0.201
0,158,168.2,29.6,0.00478,4.514,Cad,4.8384,0.31521,0.578
0,138,117.5,28.0,0.00843,1.293,Cad,6.7268,0.08931,0.22
1,93,108.1,24.3,0.00575,0.524,Cad,6.8066,-0.04409,0.105
1,64,115.6,20.2,0.00999,1.394,Cad,3.2016,0.25255,0.196
0,83,123.0,27.4,0.00801,1.458,Cad,8.9022,-0.66597,0.231
0,96,91.9,26.6,0.00522,0.657,Cad,10.2416,-0.45491,0.149
0,129,153.9,27.3,0.00847,1.938,Cad,6.1131,0.26482,0.246
0,128,142.0,26.6,0.00697,4.37,Cad,7.1784,0.32616,0.627
0,100,104.1,27.2,0.00807,1.929,Cad,6.7912,-0.23784,0.3
1,52,218.2,23.1,0.00952,6.148,Cad,5.8669,0.51703,0.482
1,97,100.5,23.5,0.01128,1.073,Cad,4.6648,-1.03038,0.198
0,132,154.3,28.3,0.00892,2.248,Cad,2.2361,0.46365,0.266
0,177,214.0,29.8,0.00907,3.615,Cad,5.5109,0.20095,0.318
0,175,198.2,29.3,0.0069,7.02,Cad,7.1021,0.16978,0.731
0,152,134.8,28.3,0.00857,4.684,Cad,6.14,0.52925,0.693
0,214,212.2,31.1,0.0081,7.331,Cad,5.2469,0.13381,0.67
1,209,175.0,30.4,0.00916,4.353,Cad,7.0456,0.11379,0.495
1,164,141.4,29.4,0.0077,3.691,Cad,6.0083,0.32175,0.529
0,110,137.6,24.0,0.00859,2.992,Cad,11.2201,-0.63994,0.352
0,104,103.7,20.8,0.013,1.551,Cad,9.3477,-0.60284,0.281
0,73,91.9,19.0,0.01288,1.998,Cad,6.5,-0.5325,0.319
0,114,78.5,19.7,0.01265,12.769,Cad,3.2202,0.44976,2.215
1,87,81.0,21.6,0.01268,0.757,Cad,2.184,-1.2925,0.101
0,84,97.0,21.7,0.00838,1.728,Cad,4.4283,0.11315,0.345
0,112,119.1,22.8,0.00896,3.543,Cad,3.1623,0.60554,0.559
0,103,124.6,24.7,0.00977,2.02,Cad,4.5695,0.40489,0.304
0,113,125.3,26.2,0.0098,2.6,Cad,5.022,0.22083,0.357
0,74,55.5,18.3,0.00998,1.847,Cad,2.0248,0.35299,0.632
0,119,127.6,20.5,0.00786,2.28,Cad,4.1049,0.04874,0.334
0,146,144.9,21.0,0.00659,11.54,Cad,4.982,0.18165,1.414
1,93,159.2,20.2,0.00986,8.893,Cad,3.0364,0.30092,0.977
1,96,65.8,14.7,0.00974,1.331,Ram,6.6611,0.94531,0.536
1,92,77.8,13.6,0.01268,1.248,Ram,7.8549,1.02164,0.46
0,92,91.1,12.9,0.01227,1.518,Ram,4.1869,0.86994,0.442
0,69,72.2,14.5,0.01368,2.105,Ram,7.2277,1.31911,0.775
0,89,81.3,14.9,0.01034,1.524,Ram,4.3909,0.5248,0.528
0,110,98.6,18.4,0.01032,1.849,Ram,3.9395,0.41822,0.473
0,132,114.8,20.6,0.00982,4.694,Ram,2.7203,1.2723,1.068
1,138,166.3,26.5,0.00813,12.191,Ram,4.78539,0.4543,1.953
1,131,169.3,27.4,0.00988,2.264,Ram,1.70294,-1.51204,0.317
0,107,128.8,23.3,0.01412,1.807,Ram,2.80713,-0.07131,0.354
0,97,116.7,18.5,0.01524,2.629,Ram,2.69258,0.54679,0.55
0,63,65.8,13.2,0.01447,13.93,Ram,9.10055,0.01099,6.49
0,92,106.6,17.6,0.01157,1.813,Ram,4.61411,0.52183,0.47
0,96,91.5,15.6,0.01191,1.895,Ram,5.71402,0.99736,0.56
1,86,110.1,17.4,0.0116,2.067,Ram,4.30116,0.95055,0.515
1,73,105.3,16.0,0.01001,1.543,Ram,7.00071,0.7753,0.363
0,85,68.6,16.1,0.01134,1.294,Ram,6.02163,0.62025,0.465
0,93,67.0,19.4,0.00932,1.029,Ram,6.58635,0.5248,0.34
0,51,83.3,19.4,0.0143,1.791,Ram,6.35138,0.58364,0.509
0,59,76.4,21.7,0.01558,1.541,Ram,5.40833,0.33929,0.435
0,100,117.4,27.5,0.01994,3.045,Ram,4.03113,-1.44644,0.541
1,82,100.0,22.1,0.0147,2.097,Ram,3.77359,0.5586,0.497
1,83,122.9,27.1,0.01348,1.613,Ram,2.92062,0.90675,0.293
0,151,182.2,32.4,0.01859,2.264,Ram,3.33017,0.84914,0.257
0,60,93.8,22.7,0.01625,2.055,Ram,7.31095,-0.69824,0.473
0,98,144.9,21.7,0.01323,11.024,Ram,3.49285,1.15839,1.99
0,76,97.5,21.3,0.01437,2.076,Ram,3.55106,-0.56457,0.471
0,116,144.4,22.5,0.01514,2.175,Ram,2.14709,0.48448,0.361
1,73,118.2,24.3,0.01582,1.807,Ram,4.07922,0.1974,0.315
1,102,128.1,23.1,0.01044,3.243,Ram,4.219,-1.47584,0.611
0,115,98.0,22.3,0.01003,2.865,Ram,5.33667,-1.344,0.678
0,135,138.6,22.1,0.00954,2.346,Ram,3.25576,-1.38545,0.386
0,124,144.7,24.4,0.00957,2.784,Ram,3.93954,-1.15257,0.543
0,90,82.5,21.6,0.01111,1.974,Ram,5.20096,-0.90807,0.688
0,94,66.5,18.6,0.00963,3.542,Ram,5.24023,-0.8394,1.412
1,116,66.7,19.3,0.00875,0.855,Ram,2.9,-0.76101,0.324
1,87,80.5,22.1,0.00948,0.936,Ram,4.13038,-0.12135,0.262
0,56,59.3,16.0,0.01593,1.739,Ram,7.71038,0.81291,0.676
0,128,86.4,23.6,0.01406,1.977,Ram,7.49533,-1.342,0.485
0,105,104.7,22.6,0.01499,2.472,Ram,4.39318,-1.36447,0.537
0,115,153.3,24.1,0.0113,6.935,Ram,5.09902,1.12469,1.051
0,138,165.1,25.0,0.00962,9.132,Ram,4.38292,0.96381,1.249
1,134,176.7,27.6,0.00963,2.519,Ram,2.0,0.9273,0.312
1,96,92.8,22.1,0.01076,1.528,Ram,5.51543,-1.18019,0.367
0,113,131.0,23.2,0.00899,2.947,Ram,3.66879,-1.26629,0.547
0,73,100.0,25.8,0.01349,1.513,Ram,4.72017,-0.63503,0.337
0,85,92.8,23.5,0.00959,1.275,Ram,6.5192,-0.72027,0.273
0,73,93.3,20.4,0.01336,1.293,Ram,3.75899,-0.49935,0.278
0,70,113.1,24.3,0.01541,1.867,Ram,2.22036,-0.62549,0.327
1,140,208.6,28.8,0.01585,6.357,Ram,3.20624,-0.06242,0.649
1,137,190.3,32.8,0.01665,2.097,Ram,0.82462,-0.24498,0.232
0,174,209.6,31.1,0.01839,2.469,Ram,2.74591,-0.18311,0.225
0,84,170.5,24.7,0.01505,2.04,Ram,4.13401,-0.56116,0.261
0,85,91.7,20.1,0.01343,0.943,Ram,4.43847,0.39306,0.222
0,147,133.9,28.5,0.0118,2.161,Ram,0.98489,0.41822,0.321
1,202,143.2,30.0,0.01441,3.243,Ram,3.33766,-1.42042,0.456
1,228,170.2,33.2,0.01517,7.947,Ram,3.40147,1.1466,0.938
0,164,172.9,35.8,0.01307,11.809,Ram,3.98246,0.49734,1.378
0,228,195.7,37.4,0.0152,8.508,Ram,5.4037,0.68052,0.844
0,280,221.6,38.0,0.01418,9.192,Ram,4.95782,0.72832,0.903
0,227,153.5,35.7,0.0197,2.635,Ram,6.772,-1.28641,0.347
0,276,223.5,34.7,0.01937,9.091,Ram,1.70294,0.86854,0.765
1,221,158.7,35.6,0.01503,5.099,Ram,3.11448,0.83082,0.643
1,163,164.7,36.8,0.01194,2.647,Ram,2.23607,-0.17985,0.319
0,155,162.6,36.6,0.01354,1.168,Ram,4.70106,-1.54952,0.137
0,183,133.8,37.9,0.01344,0.887,Ram,3.80789,0.23861,0.11
0,169,128.6,33.0,0.01621,2.117,Ram,5.60357,1.5351,0.309
0,175,193.3,29.4,0.01398,18.784,Ram,2.78927,0.25367,2.368
1,140,114.2,24.3,0.01247,22.985,Ram,3.00167,0.52328,5.067
1,169,132.9,27.1,0.01145,8.488,Ram,4.20119,0.90349,1.457
1,146,137.0,27.0,0.01655,2.652,Ram,2.97321,-0.34302,0.327
0,103,112.6,21.3,0.01676,2.29,Ram,5.31507,0.20847,0.407
0,93,73.1,24.5,0.01273,1.174,Ram,3.18277,-0.80762,0.307
1,100,87.4,23.6,0.00895,2.34,Ram,6.00083,1.15934,0.577
0,103,103.0,21.2,0.01191,1.135,Ram,2.90172,0.03447,0.215
0,79,87.8,12.3,0.00821,2.796,Ram,4.59674,-0.77001,0.762
1,97,79.8,14.3,0.00499,2.495,Ram,5.0774,-1.01011,0.792
1,99,74.8,14.4,0.0047,1.007,Ram,8.68217,-0.57203,0.337
1,90,66.6,13.0,0.00527,1.603,Ram,5.1614,-0.62025,0.609
0,105,74.2,12.8,0.00317,2.825,Ram,2.65707,-1.22524,1.082
0,92,80.7,12.9,0.00361,3.764,Ram,5.23927,1.15839,1.307
0,99,87.9,14.2,0.00351,10.349,Ram,6.17738,0.5071,3.333
0,110,97.1,17.5,0.00465,4.27,Ram,8.6885,0.20868,1.085
1,48,58.4,11.9,0.00764,4.477,Ram,5.73149,-0.82242,1.944
1,96,96.1,15.2,0.00735,28.383,Ram,3.15753,0.19118,7.56
0,83,86.7,15.8,0.0066,3.169,Ram,3.7,-1.57079,0.936
0,78,70.0,13.8,0.0049,2.492,Ram,5.2469,1.43699,0.963
0,84,110.5,13.2,0.00395,11.161,Ram,0.7,-1.57079,3.041
0,84,76.4,16.0,0.00705,1.666,Ram,5.60803,1.18698,0.496
0,78,85.5,20.1,0.00798,1.695,Ram,5.68507,0.88507,0.441
1,75,74.9,17.6,0.00819,1.171,Ram,6.95701,1.24905,0.372
1,80,64.0,15.7,0.00772,1.384,Ram,6.21289,0.99172,0.53
0,89,70.0,13.6,0.0114,1.345,Ram,4.83011,0.47291,0.466
0,95,86.5,16.5,0.00992,1.43,Ram,5.80086,0.94453,0.393
0,98,132.2,23.5,0.0136,2.425,Ram,3.18277,-0.76318,0.404
0,127,167.1,28.9,0.01261,2.404,Ram,3.89487,0.50959,0.308
0,134,147.6,30.6,0.01762,2.022,Ram,4.20119,-0.90349,0.271
1,77,86.6,24.0,0.01159,1.165,Ram,4.11096,-0.07304,0.276
1,53,84.3,17.6,0.01227,3.009,Ram,4.90918,-1.50965,0.88
0,91,75.2,16.1,0.01001,1.175,Ram,4.3382,-0.45334,0.375
0,88,112.5,16.7,0.01176,2.394,Ram,1.7,-1.08084,0.49
0,99,148.6,19.6,0.00693,3.622,Ram,1.56525,0.46365,0.564
0,120,126.3,24.4,0.00944,1.692,Ram,3.41321,1.48279,0.28
0,93,133.7,21.1,0.00966,1.376,Ram,3.52278,0.11379,0.217
1,70,86.3,20.1,0.00618,0.877,Ram,7.40608,-0.04052,0.233
1,64,79.4,16.7,0.00575,1.098,Ram,4.82597,-0.10379,0.338
0,46,102.3,16.4,0.01022,3.519,Ram,2.40416,-1.27536,0.822
0,93,95.6,19.5,0.00422,15.09,Ram,5.09902,0.7299,4.514
0,104,104.8,20.1,0.0054,7.237,Ram,5.46443,0.96757,1.828
0,141,104.7,20.5,0.0062,8.504,Ram,4.1,1.34948,2.203
1,97,58.6,18.5,0.00417,3.434,Ram,4.5618,1.11695,1.656
1,100,100.2,19.0,0.00571,13.069,Ram,0.64031,-0.67474,3.774
0,90,84.4,19.8,0.00402,2.499,Ram,2.19545,-1.046,0.82
0,70,110.9,15.2,0.00891,2.279,Ram,3.82099,0.82242,0.491
0,83,107.3,22.9,0.00817,1.47,Ram,2.66833,0.2268,0.297
0,67,132.6,26.1,0.01227,3.502,Ram,2.90689,-1.50194,0.58
1,95,124.7,28.2,0.01069,8.126,Ram,5.89406,0.25732,1.522
1,142,129.2,29.7,0.00731,8.973,Ram,3.74833,0.16076,1.717
0,134,185.3,31.1,0.01001,3.328,Ram,3.46699,-0.99079,0.377
0,145,118.2,26.0,0.00666,3.43,Ram,4.95782,-0.84248,0.671
0,201,209.3,28.7,0.00849,6.605,Ram,1.52643,1.01914,0.74
0,143,165.2,27.8,0.01791,2.766,Ram,3.34215,0.89138,0.362
1,118,147.4,25.0,0.01172,1.916,Ram,4.41022,-0.99537,0.285
1,115,181.7,27.2,0.01342,14.364,Ram,4.38634,0.81765,1.833
0,146,178.1,30.8,0.0121,4.955,Ram,4.30465,0.04648,0.612
0,82,110.1,30.7,0.01563,4.203,Ram,3.48281,0.88709,0.796
0,95,119.2,23.3,0.01142,1.411,Ram,4.56508,0.50284,0.23
0,69,81.8,21.2,0.01054,1.085,Ram,6.43817,0.81835,0.307
0,65,91.9,18.8,0.01035,1.853,Ram,5.60357,0.0357,0.436
1,88,125.4,26.0,0.00874,1.631,Ram,3.13847,0.53496,0.275
1,90,121.9,28.6,0.00919,1.14,Ram,4.70425,1.52827,0.194
0,78,66.5,16.9,0.00811,1.142,Ram,7.72334,0.07776,0.418
0,60,75.1,18.8,0.00948,1.309,Ram,4.62709,-0.10827,0.39
0,65,74.2,18.3,0.00764,1.105,Ram,8.06226,-0.40815,0.352
0,74,100.6,18.6,0.00749,1.802,Ram,5.1225,-0.89606,0.431
1,102,133.7,19.3,0.00919,3.629,Ram,4.78539,1.11649,0.593
1,125,130.3,24.4,0.00966,2.541,Ram,5.86941,1.32995,0.435
0,134,124.3,26.1,0.00987,2.791,Ram,6.23618,1.2947,0.493
0,129,141.2,26.6,0.00897,3.686,Ram,4.97695,1.1791,0.575
0,171,144.1,26.6,0.01003,2.206,Ram,4.60109,-1.54906,0.328
1,191,200.4,27.8,0.00856,3.482,Ram,0.3,-1.57079,0.367
0,158,185.0,30.5,0.01197,2.225,Ram,4.29535,-1.13839,0.229
1,104,128.3,29.6,0.00776,2.831,Ram,3.10644,-0.99172,0.472
1,167,168.4,29.0,0.00648,12.671,Ram,2.6,0.39479,1.801
0,103,110.5,19.1,0.01017,1.5,Ram,5.10882,0.05876,0.308
0,75,82.6,19.6,0.0105,1.713,Ram,6.66108,-0.13553,0.454
0,48,93.8,22.3,0.01061,1.635,Ram,7.47061,-0.4876,0.363
0,81,90.0,24.2,0.00567,1.132,Ram,6.38905,-0.69674,0.282
0,112,134.9,24.5,0.00798,1.956,Ram,2.74591,-0.5779,0.318
1,83,151.1,22.0,0.00788,1.98,Ram,1.87883,-0.43984,0.29
1,55,103.1,17.8,0.0121,1.977,Ram,6.00333,1.53748,0.404
0,70,86.7,22.2,0.01068,1.225,Ram,7.9555,0.25412,0.303
0,60,160.7,20.1,0.01211,7.132,Ram,0.76158,-1.1659,0.913
0,94,209.9,26.7,0.01332,9.992,Ram,1.41421,0.1419,0.996
0,97,93.3,24.1,0.01385,2.973,Ram,1.74642,1.15839,0.591
0,79,84.0,19.1,0.01215,2.437,Ram,5.34883,0.36315,0.59
1,87,76.1,18.2,0.00949,0.965,Ram,4.96488,0.16184,0.276
1,63,75.3,18.5,0.01014,1.528,Ram,4.10122,0.02439,0.428
0,66,108.4,18.1,0.01048,3.766,Ram,2.19545,-1.046,0.839
0,114,105.1,21.2,0.01056,2.981,Ram,4.92443,-1.15257,0.645
0,68,85.5,23.1,0.00969,1.33,Ram,6.04649,-0.59718,0.322
0,88,77.7,21.1,0.00651,1.4,Ram,3.80132,-0.9536,0.384
0,38,75.3,22.5,0.00926,1.231,Ram,6.50308,0.03076,0.329
1,84,74.5,20.2,0.00654,2.609,Ram,4.89183,-0.71306,0.795
1,94,70.2,20.5,0.00549,1.411,Ram,4.31856,1.47804,0.452
0,80,66.0,20.4,0.00611,1.549,Ram,4.50444,1.52638,0.534
0,92,109.8,22.3,0.00627,10.21,Ram,2.86531,1.06031,2.223
0,83,121.9,25.1,0.00788,1.367,Ram,3.06105,-0.66964,0.214
0,73,63.3,23.9,0.00699,0.919,Ram,6.0803,-0.63363,0.286
1,77,73.0,23.5,0.00612,1.195,Ram,4.30116,0.02325,0.29
1,66,63.6,18.3,0.00786,1.191,Ram,8.96939,-0.53851,0.4
0,127,131.3,26.3,0.00685,4.663,Ram,5.0636,0.15866,0.755
0,92,110.1,17.2,0.01118,1.772,Ram,6.48845,-0.42918,0.352
1,55,107.8,18.2,0.00875,4.155,Ram,4.998,-1.22373,0.889
1,73,62.1,17.4,0.01087,7.597,Ram,5.19711,-1.04688,2.672
0,81,100.2,22.2,0.00902,1.545,Ram,9.32952,-0.54042,0.285
0,79,81.4,20.1,0.00659,5.142,Ram,4.68722,-0.98279,1.489
0,97,114.7,20.9,0.00583,1.614,Ram,5.64004,0.64705,0.257
0,84,83.9,19.9,0.00813,1.616,Ram,7.71298,0.23554,0.391
0,71,86.5,19.5,0.00578,1.463,Ram,4.33244,0.32905,0.307
1,91,112.2,21.7,0.00552,1.834,Ram,0.53852,0.38051,0.311
1,110,140.7,23.9,0.00608,11.722,Ram,1.65529,1.13417,1.807
0,119,169.0,26.4,0.00699,21.26,Ram,1.6401,0.6557,2.659
0,167,162.7,29.2,0.00722,6.809,Ram,3.8,0.0,0.811
0,131,168.6,31.2,0.00907,2.883,Ram,4.6043,1.52735,0.3
0,93,134.1,25.2,0.00863,2.182,Ram,1.1662,0.54042,0.23
0,115,119.2,25.3,0.00869,18.084,Ram,3.8588,0.54486,2.969
1,128,122.4,28.3,0.00878,6.638,Ram,4.6011,0.02174,1.015
0,63,89.1,22.2,0.01315,21.335,Ram,1.5,0.9273,2.977
0,83,93.3,21.0,0.01155,5.685,Ram,1.8868,-0.5586,0.964
0,123,136.7,22.2,0.01254,10.535,Ram,0.6325,1.24905,1.32
0,114,115.8,26.5,0.0084,1.814,Ram,2.5495,-1.12469,0.269
0,83,92.9,25.5,0.0109,1.388,Ram,3.9408,-0.6232,0.17
1,68,79.3,18.0,0.0101,4.062,Ram,4.6065,0.47336,0.806
1,66,96.8,21.4,0.01014,3.339,Ram,6.2936,-1.26412,0.502
0,78,72.5,20.5,0.01263,14.676,Ram,6.3953,1.10016,3.825
0,96,86.2,23.1,0.00861,11.377,Ram,2.816,-1.28274,2.469
0,109,116.0,25.1,0.00649,1.8,Ram,4.6615,-0.39644,0.254
0,55,82.5,25.1,0.0092,1.934,Ram,4.826,0.10379,0.381
0,56,60.9,14.6,0.00777,8.655,Ram,5.3712,1.14879,2.876
1,74,59.0,13.6,0.00665,2.771,Ram,6.2201,1.49033,0.89
0,123,91.3,17.7,0.00583,8.499,Ram,2.4515,1.3654,1.773
0,96,91.2,20.5,0.0051,44.396,Ram,2.5495,0.8409,9.429
0,118,117.1,20.9,0.00441,13.233,Ram,2.4042,-0.29544,1.91
0,146,132.9,23.1,0.00593,4.057,Ram,5.14,0.9234,0.434
1,68,70.4,17.5,0.00776,3.339,Ram,4.111,0.32175,0.863
0,70,80.6,16.8,0.0082,5.832,Ram,3.8079,1.33219,1.326
0,61,80.5,20.9,0.00545,2.931,Ram,4.9649,0.32812,0.469
0,67,46.4,15.4,0.00706,3.905,Ram,4.272,0.35877,1.145
0,78,53.9,16.0,0.00685,6.591,Ram,5.1,-0.48996,1.944
1,87,110.9,17.3,0.00943,1.791,Pla,12.7914,-0.68573,0.494
1,108,127.3,15.3,0.00867,6.115,Pla,11.2379,-0.20612,1.845
0,91,119.2,12.8,0.0097,1.42,Pla,12.9066,-0.17916,0.431
0,98,114.5,14.3,0.00895,2.976,Pla,13.507,-0.47689,0.912
0,114,133.3,18.7,0.00906,3.48,Pla,11.8596,-0.42593,0.927
0,133,147.1,18.9,0.01171,8.173,Pla,7.7621,-0.2606,1.896
0,158,186.3,20.4,0.01033,3.747,Pla,4.669,0.7551,0.597
1,121,157.7,19.5,0.00965,0.617,Pla,4.6098,-1.50567,0.116
1,103,131.4,18.4,0.01156,0.798,Pla,4.5618,0.45384,0.188
0,126,131.7,18.7,0.01063,0.31,Pla,5.0774,1.01011,0.047
0,118,125.2,17.7,0.01349,0.902,Pla,11.2004,-0.65243,0.171
0,103,129.7,13.9,0.01379,0.408,Pla,4.4418,1.02652,0.083
0,78,133.7,10.4,0.01273,2.016,Pla,8.0505,-0.11203,0.504
0,104,104.8,13.2,0.00922,2.246,Pla,9.6747,0.12435,0.72
1,105,123.6,11.6,0.01462,1.395,Pla,3.8013,1.10715,0.323
0,80,100.4,19.8,0.00958,1.589,Pla,11.9854,-0.70863,0.459
0,125,127.4,18.7,0.01505,0.867,Pla,4.1231,0.68232,0.189
0,161,114.1,21.9,0.01365,1.197,Pla,6.7119,0.05963,0.299
0,130,121.3,21.3,0.01277,0.626,Pla,4.0311,0.80294,0.138
1,119,117.5,21.1,0.01109,0.681,Pla,4.5277,0.53284,0.15
1,129,131.3,22.1,0.00959,0.838,Pla,4.0162,0.32962,0.192
0,168,147.1,22.6,0.01256,0.356,Pla,2.0,0.9273,0.062
0,237,140.0,24.0,0.01047,1.029,Pla,3.8471,0.4869,0.203
0,146,160.2,24.5,0.01228,0.691,Pla,3.5114,1.22203,0.117
0,150,154.8,23.8,0.00937,0.65,Pla,3.3615,0.39708,0.121
0,119,132.4,23.4,0.00742,0.855,Pla,4.6325,0.57004,0.187
1,227,148.7,26.3,0.0151,1.085,Pla,6.0745,0.35299,0.182
1,172,143.8,25.1,0.01611,0.551,Pla,3.9825,1.07345,0.092
0,219,243.0,25.7,0.0126,6.201,Pla,6.8066,0.17723,0.719
0,142,152.1,25.8,0.00899,2.342,Pla,12.3847,-0.67096,0.397
0,157,236.9,24.0,0.0149,2.543,Pla,5.2479,1.03038,0.277
0,136,127.5,21.2,0.01367,0.451,Pla,5.1225,0.89606,0.058
0,113,117.4,21.0,0.009,0.697,Pla,18.4114,-0.83919,0.158
1,151,134.9,22.2,0.00747,5.036,Pla,8.3355,-0.52807,1.12
1,147,151.0,19.5,0.01163,2.727,Pla,5.9942,0.48603,0.589
0,128,129.3,18.9,0.01332,0.655,Pla,4.3105,1.50114,0.133
0,111,165.0,21.8,0.01273,6.699,Pla,8.2079,-0.38729,1.376
0,111,127.6,17.3,0.01857,0.523,Pla,6.8264,0.55549,0.098
0,100,106.0,20.8,0.00731,1.174,Pla,15.2201,-0.64087,0.296
0,133,108.9,19.6,0.01015,1.586,Pla,5.8052,0.83414,0.402
1,99,108.6,19.8,0.01269,4.202,Pla,9.9464,-0.22303,1.133
1,132,165.7,21.6,0.01227,1.808,Pla,4.9244,1.06173,0.317
0,128,129.8,22.6,0.01113,1.449,Pla,6.5,-1.17601,0.292
0,142,117.7,22.1,0.01245,0.627,Pla,5.3009,-1.55193,0.149
0,127,192.9,21.7,0.01641,5.103,Pla,7.3553,-0.12267,0.767
0,127,141.6,24.4,0.01125,5.597,Pla,8.86,-0.28605,1.148
0,169,157.8,25.3,0.01137,5.442,Pla,9.3536,-0.10712,1.003
1,102,92.3,20.9,0.01127,1.247,Pla,11.4739,-0.52996,0.357
0,124,197.7,16.3,0.01798,3.349,Pla,7.5584,-0.45181,0.467
0,106,153.6,20.6,0.01508,1.04,Pla,14.1485,-0.81539,0.188
0,134,128.7,24.3,0.01084,1.415,Pla,14.4402,-0.63796,0.276
0,151,166.0,22.3,0.01164,2.072,Pla,7.7885,0.27301,0.403
1,158,143.6,23.4,0.01166,0.732,Pla,6.8659,0.22025,0.114
1,126,168.9,22.8,0.01526,0.754,Pla,3.4986,1.03038,0.102
0,130,200.6,27.2,0.00931,7.455,Pla,7.8549,-0.54915,1.0
0,170,209.0,24.1,0.01575,5.133,Pla,5.2773,0.17138,0.689
0,83,84.8,23.1,0.0119,0.439,Pla,19.891,-0.83163,0.118
0,112,118.5,21.8,0.01016,0.756,Pla,16.9729,-0.76873,0.161
0,140,159.4,20.7,0.01715,0.98,Pla,4.9406,0.94349,0.163
1,121,100.4,21.6,0.01474,0.446,Pla,5.7567,1.27102,0.11
1,125,145.3,21.6,0.01571,1.267,Pla,4.3139,0.76901,0.228
0,182,190.4,19.6,0.02153,1.58,Pla,5.0567,0.42826,0.177
0,112,150.3,20.9,0.01644,4.819,Pla,7.5664,-0.13255,0.918
0,153,119.7,24.1,0.01074,1.375,Pla,6.0374,0.46365,0.293
1,150,109.1,25.4,0.01358,0.258,Pla,5.3852,1.02401,0.08
1,174,127.8,25.8,0.014,1.178,Pla,5.5154,0.39061,0.229
0,172,126.5,27.6,0.01133,0.955,Pla,5.5543,0.40726,0.185
0,166,157.2,27.5,0.01431,0.745,Pla,4.9244,1.06173,0.112
0,183,141.5,27.8,0.01136,1.182,Pla,7.3335,0.0956,0.206
0,157,146.6,27.5,0.01796,1.562,Pla,4.8877,0.53691,0.262
0,198,137.5,27.0,0.01589,0.667,Pla,4.7802,0.91893,0.118
1,184,121.4,27.3,0.01609,0.941,Pla,5.4424,0.35662,0.186
1,162,122.4,26.9,0.01288,0.467,Pla,6.8622,0.32636,0.088
0,164,168.4,27.6,0.01679,0.922,Pla,7.5505,0.19999,0.132
0,162,174.3,28.7,0.01697,1.147,Pla,5.9169,0.53172,0.159
0,175,161.0,27.6,0.01875,0.858,Pla,6.908,0.38588,0.126
0,228,166.0,27.3,0.01824,0.85,Pla,6.7067,0.04475,0.146
1,202,181.2,27.0,0.01685,2.572,Pla,6.2817,0.24112,0.357
1,146,135.1,24.8,0.01507,0.476,Pla,6.1008,1.5544,0.084
1,95,129.0,23.4,0.02076,0.319,Pla,5.9008,1.55385,0.052
0,115,112.5,24.1,0.01443,1.897,Pla,5.9808,0.35877,0.408
0,141,144.7,26.4,0.01739,3.525,Pla,10.1833,-0.12801,0.611
1,166,173.5,18.2,0.00655,0.328,Pla,5.7706,-1.0839,0.001
0,128,165.0,18.8,0.00526,1.58,Pla,7.4095,-1.01649,0.242
0,103,123.5,17.1,0.004,3.081,Pla,12.2037,-0.58118,0.697
1,106,151.3,14.7,0.00542,0.939,Pla,15.5878,-0.72185,0.178
0,114,144.5,15.9,0.00369,7.099,Pla,10.3788,-0.43779,1.498
0,113,166.0,14.4,0.0069,21.348,Pla,1.9647,0.25732,3.796
0,114,169.9,18.2,0.00423,6.401,Pla,5.5009,-0.01818,1.093
0,128,162.4,16.3,0.00602,1.465,Pla,11.8309,-0.39934,0.247
1,103,158.4,13.8,0.01039,4.17,Pla,7.7698,-0.55587,0.796
1,119,139.4,15.0,0.00607,2.189,Pla,7.642,0.10488,0.487
0,108,131.8,11.5,0.00856,0.959,Pla,3.8079,0.5224,0.199
0,101,143.8,12.4,0.00886,1.007,Pla,7.1694,-0.52607,0.189
0,96,131.9,11.8,0.00582,1.105,Pla,17.6867,-0.75341,0.25
0,134,178.4,18.5,0.00496,6.697,Pla,7.4108,-0.054,1.163
0,142,160.6,17.1,0.0062,0.608,Pla,5.9464,0.73782,0.101
1,125,148.5,17.2,0.00527,0.4,Pla,6.1074,1.52166,0.065
1,125,164.4,17.0,0.00597,1.821,Pla,7.7006,-0.65649,0.326
0,103,128.5,16.4,0.00548,0.947,Pla,16.8241,-0.69702,0.204
0,132,172.6,20.1,0.00784,6.421,Pla,7.3498,-0.26148,1.162
0,140,197.8,20.8,0.0107,1.733,Pla,4.9769,-1.1791,0.24
0,148,196.0,21.6,0.01077,1.912,Pla,3.8013,1.54449,0.249
0,174,175.6,21.7,0.00927,1.268,Pla,4.9031,-1.3654,0.188
1,183,186.2,20.8,0.00915,1.532,Pla,5.0695,0.25933,0.228
1,134,177.8,21.9,0.01017,1.152,Pla,4.0361,0.83798,0.176
0,109,157.3,23.9,0.01549,1.672,Pla,12.4403,-0.63707,0.228
0,135,178.0,21.2,0.01085,2.109,Pla,5.3226,-1.12395,0.333
0,150,200.1,18.9,0.01176,0.999,Pla,2.4,0.0,0.119
0,152,184.6,18.2,0.01271,0.784,Pla,2.9833,0.88035,0.098
0,146,211.4,21.8,0.01076,1.574,Pla,3.8601,-0.63832,0.189
1,125,183.7,22.4,0.00451,3.402,Pla,10.7005,-0.65285,0.542
1,106,127.0,21.7,0.00384,1.233,Pla,14.7922,-0.74236,0.27
0,73,126.1,21.5,0.00563,0.868,Pla,16.4268,-0.83708,0.19
0,112,134.8,14.6,0.00697,1.123,Pla,5.5866,0.77274,0.261
0,141,198.4,15.8,0.00667,2.633,Pla,7.0178,0.57219,0.408
0,130,143.2,14.5,0.00615,1.114,Pla,6.6483,0.36933,0.243
1,101,158.8,15.2,0.00808,0.716,Pla,6.5765,0.79615,0.137
1,110,159.2,16.2,0.00693,0.357,Pla,6.8154,-1.3187,0.062
0,117,160.3,18.6,0.00866,1.532,Pla,8.3487,-0.81928,0.257
0,123,202.0,21.7,0.00779,3.989,Pla,8.5913,-0.69474,0.557
0,142,179.4,22.8,0.00847,2.518,Pla,7.0456,0.60375,0.384
0,164,252.1,23.0,0.0098,2.234,Pla,4.9649,0.48166,0.231
1,155,195.9,23.6,0.0098,1.723,Pla,4.5222,0.31476,0.227
0,129,197.4,24.0,0.01267,0.54,Pla,1.0817,-0.98279,0.063
0,125,195.7,24.1,0.01168,1.213,Pla,3.4409,0.95055,0.161
0,133,197.4,23.2,0.0139,1.179,Pla,2.4042,-1.27536,0.133
0,116,180.8,23.3,0.01097,1.227,Pla,3.6797,0.74696,0.184
0,105,167.7,22.8,0.01103,0.414,Pla,5.728,1.2877,0.059
1,112,164.1,23.3,0.00947,0.419,Pla,5.1865,0.97745,0.064
1,104,172.8,25.0,0.00876,0.628,Pla,4.7707,0.99442,0.089
0,114,146.7,25.9,0.00813,0.672,Pla,5.794,0.37089,0.133
0,165,145.4,26.0,0.00867,0.561,Pla,6.0959,0.71574,0.096
0,76,156.5,22.6,0.01206,1.458,Pla,5.3852,0.54679,0.248
0,125,117.3,21.6,0.00953,1.468,Pla,11.8714,-0.10973,0.322
0,95,98.2,21.1,0.00506,0.709,Pla,19.3349,-0.88798,0.187
1,137,126.6,22.8,0.00623,0.992,Pla,5.5902,0.74744,0.198
1,105,191.3,23.7,0.01076,2.188,Pla,3.9962,1.0175,0.287
0,78,150.9,20.1,0.01262,1.139,Pla,4.3417,0.50486,0.177
0,66,116.2,20.9,0.00968,1.526,Pla,12.054,-0.24297,0.329
0,92,153.1,21.4,0.00648,3.069,Pla,12.1314,-0.5079,0.563
1,114,166.7,19.6,0.00675,2.444,Pla,12.0304,-0.45621,0.404
1,65,170.5,20.6,0.00826,1.573,Pla,4.9769,-0.3917,0.229
0,141,193.8,23.6,0.00802,1.913,Pla,3.9205,0.65881,0.259
0,169,205.4,22.4,0.00774,2.084,Pla,6.9721,0.14393,0.271
0,143,189.7,21.0,0.01334,0.634,Pla,3.1401,0.64987,0.078
1,132,182.9,21.9,0.00916,0.913,Pla,5.5973,0.72219,0.127
0,144,171.6,22.4,0.00886,0.43,Pla,5.728,0.77305,0.064
1,125,180.2,24.4,0.00991,0.536,Pla,5.6859,0.97304,0.072
1,142,284.7,28.5,0.00729,2.282,Pla,4.14,0.64833,0.194
0,104,206.4,20.6,0.01183,1.639,Pla,3.1953,0.35144,0.212
0,84,127.1,22.2,0.0085,2.057,Pla,14.0417,-0.65917,0.401
0,118,118.2,25.8,0.00383,1.772,Pla,16.2373,-0.7113,0.367
0,84,108.8,26.4,0.00615,0.778,Pla,17.0294,-0.86854,0.174
0,129,132.1,25.5,0.00352,1.425,Pla,14.9241,-0.76171,0.276
1,113,208.9,22.2,0.00731,5.804,Pla,9.0139,-0.0555,0.812
1,79,168.8,22.4,0.00954,0.427,Pla,5.3254,0.97238,0.056
0,102,161.3,22.7,0.01198,0.625,Pla,5.3235,1.47674,0.101
0,104,163.3,24.1,0.00927,0.28,Pla,4.3012,0.95055,0.084
0,117,162.9,25.0,0.00982,0.894,Pla,6.1847,-1.17227,0.133
0,117,165.3,25.7,0.00985,1.235,Pla,7.0328,-1.04989,0.18
0,110,179.1,25.3,0.01206,2.3,Pla,7.1694,-1.04473,0.32
1,114,160.5,24.9,0.0077,3.407,Pla,10.4652,-0.4551,0.542
1,111,137.1,22.2,0.00473,3.801,Pla,11.8119,-0.49394,0.743
0,103,180.7,24.6,0.00605,4.663,Pla,7.3348,0.19205,0.673
0,107,173.8,20.2,0.01053,1.557,Pla,5.0448,0.24017,0.195
0,105,142.3,22.7,0.00795,1.04,Pla,17.3234,-0.87532,0.18
0,106,138.4,22.8,0.00491,1.048,Pla,17.6011,-0.93866,0.19
0,128,122.7,25.8,0.00465,3.337,Pla,7.8,-0.39479,0.667
1,93,120.0,25.9,0.00508,0.691,Pla,16.7108,-0.89138,0.145
1,77,91.3,22.6,0.00646,0.627,Pla,19.1024,-0.91159,0.163
0,104,146.0,19.1,0.01101,1.152,Pla,6.456,1.28824,0.207
0,112,130.5,19.8,0.00735,0.598,Pla,6.5924,1.40315,0.117
0,121,200.2,18.3,0.01275,1.159,Pla,4.1183,-0.5071,0.154
0,105,123.0,24.7,0.00461,0.928,Pla,13.1522,-0.7854,0.187
1,96,106.2,23.9,0.00573,1.745,Pla,12.567,-0.47076,0.395
1,94,107.1,22.8,0.00705,1.837,Pla,11.5447,-0.24498,0.414
0,98,139.9,21.6,0.00551,0.754,Pla,5.7079,-1.51821,0.131
0,111,152.3,21.9,0.01036,4.564,Pla,7.506,-0.03998,0.744
1,73,123.5,18.6,0.00624,4.207,Pla,8.0,0.0,0.937
1,78,159.1,16.1,0.0084,2.913,Pla,6.382,-0.61843,0.442
0,83,145.3,19.5,0.00881,0.911,Pla,17.3658,-0.85467,0.151
0,73,119.2,21.8,0.00455,0.663,Pla,16.1276,-0.75909,0.139
0,115,174.6,20.3,0.00928,3.168,Pla,5.5362,0.35031,0.441
0,100,119.8,19.4,0.00676,0.657,Pla,6.5,0.39479,0.13
0,89,149.4,22.6,0.00801,5.316,Pla,7.931,-0.40158,0.801
1,70,148.0,18.8,0.00914,4.143,Pla,3.0017,0.03332,0.529
1,104,123.0,18.1,0.01358,0.71,Pla,2.4739,-0.24498,0.131
0,122,208.4,21.2,0.01111,3.13,Pla,3.0265,0.13255,0.344
0,119,208.3,22.6,0.01095,2.673,Pla,3.4785,1.24905,0.284
0,110,159.9,22.9,0.00687,1.978,Pla,4.5277,0.53284,0.298
0,94,131.2,20.8,0.00989,0.558,Pla,5.3759,0.75909,0.093
0,104,195.2,23.7,0.00965,1.6,Pla,3.759,0.49935,0.184
1,100,175.6,23.7,0.00949,1.447,Pla,4.9031,0.2054,0.18
1,90,140.5,22.3,0.00821,0.415,Pla,4.982,0.89919,0.062
0,89,162.6,19.2,0.00955,1.674,Pla,16.6652,-0.32365,0.203
0,77,103.7,17.1,0.0126,0.73,Pla,16.676,-0.28571,0.153
0,68,106.7,16.6,0.01243,0.915,Pla,17.2308,-0.42471,0.165
0,65,123.0,16.3,0.01161,0.756,Pla,3.7947,0.32175,0.16
1,77,130.3,17.3,0.01306,0.814,Pla,5.7706,-1.41419,0.124
0,74,124.1,17.8,0.00763,6.437,Pla,7.1063,-0.68573,1.321
0,80,134.5,16.3,0.01075,1.477,Pla,3.6056,1.2315,0.239
0,93,177.3,20.4,0.00928,5.375,Pla,5.9908,-0.58337,0.684
0,116,233.6,22.1,0.01048,4.843,Pla,4.8052,-0.20964,0.431
0,60,162.5,15.8,0.00789,3.166,Pla,2.7203,-0.6288,0.411
0,74,198.4,16.2,0.00811,8.349,Pla,4.0311,0.12435,0.942
0,121,191.7,16.4,0.00722,2.101,Pla,3.8,0.0,0.199
1,93,221.2,16.7,0.00919,2.29,Pla,2.3022,0.04345,0.202
